Name,grading,date,Text
Reezaane Bundhoo,4 stars,a year ago,"Delicious cakes, hot/cold beverages and great variety of bread.

Price OK

""Ile Maurice"" cake only yellow but missing blue, red and green ;)

Customer service average but not an issue considering they work on their feet all day."
Akram Althawbani,5 stars,3 months ago,"Best place but it's still camels man opinion. You've to try it before judging it.
Well done guys ğŸ˜‰ â€¦"
Ibrahim Sobh,4 stars,a month ago,"Amazing place to buy bread and sweets , always crowded , cashiers are professionals but not always nice"
Mareike Engel,5 stars,5 months ago,Love the baguette and croissant. Staff is always friendly and helpful :)
shrishail kurangi,3 stars,6 months ago,All the items I have tried here are really great but one of the employee is very rude to the customers
Said Djedidi,5 stars,3 years ago,"I was so pleased to try a French boulanger. Staff was very helpful with my poor FrenchI will come back.
Go and try"
Alvin Alias,1 star,7 months ago,Over priced and unfriendly staff
M N,5 stars,6 months ago,"Boulangerie incroyable ! J'y suis allÃ©e pour la premiÃ¨re fois aujourd'hui, les vendeuses sont trÃ¨s accueillantes.
J'ai testÃ© leurs desserts trompe l'oeil et ils sont exquis ! Rapport qualitÃ©/prix gÃ©nial comparÃ© Ã  ce que fait la concurrence (notamment C***** G*****)
Recommandation les yeux fermÃ©s :)"
Larissa Akm.,4 stars,a month ago,"Ma course :
1 baquette des champs 1,30â‚¬, elle est bonne et la couleur jaune est agrÃ©able.

1 choux aux fraises ğŸ“  4,90â‚¬.
La pÃ¢tisserie est Ã©norme,  facile de la diviser en deux parts. Beaucoup de crÃ¨me, les fraises ğŸ“ pour la dÃ©coration.
.
La forÃªt noire, pas encore goÃ»tÃ©  a 5,0â‚¬
Une bouteille d'eau cristalline Ã  1,30â‚¬.
.
Il a y des tables pour prendre le cafÃ© â˜•ï¸,  la formule de paninini-pÃ¢tisserie-boisson  Ã  8,9â‚¬."
Wissem Smaali,1 star,11 months ago,"Ã€ Ã©viter
Le PirÃ©e boulangerie de Vitry , le vendeuses sont incapable de sourire devant les clients pas bonjour nu au-revoir aucun mots de gentillesse,
La boulangerie elle fermÃ© Ã  21h, 19h30 ils plus de pain pas des paquets
Ã€ Ã©viter"
Cathy Lch,5 stars,5 months ago,J'adore cette boulangerie et je me rends rÃ©guliÃ¨rement spÃ©cialement dans le centre de Vitry pour y acheter des pÃ¢tisseries. Elles font toujours fureur auprÃ¨s de mes invitÃ©s ! Le prix est tout Ã  fait honnÃªte pour ces beaux produits et je trouve les mauvaises notes et les commentaires sur l'humeur du personnel  assez durs. Je suis toujours tombÃ©e sur des vendeurs/vendeuses sympas lorsqu'on est souriant avec eux. C'est surtout qu'ils sont trÃ¨s occupÃ©s car il y a toujours du monde et font ce qu'ils peuvent pour servir rapidement.
ted tenore,1 star,4 months ago,"Je prÃ©cise lâ€™Ã©toile je le donne que pour les croissants et pains au chocolat, le reste rien Ã  dire , vraiment trop dÃ©Ã§us de vos croissants et pains au chocolat pas de goÃ»t de beurre et chÃ¨re pour des croissants au beurre et câ€™est pas la premiÃ¨re fois que je fais la remarque et pas le seul et chaque fois on ferra mieux rien a changÃ© depuis . Dommage jâ€™aime bien lâ€™Ã©quipe"
Sly yo!,1 star,4 months ago,"Dommage pour le pÃ¢tissier qui ce dÃ©mÃ¨ne et mes sont talents dans cette boulangerie mais l'accueil es exÃ©crable, la politesse elles connaissent pas. patron changÃ© de personnel. Quant on aime pas sont mÃ©tiers on change car la cest votre business qui en pÃ¢ti. Je ny reviendrai plus et pourtant c'est la boulangerie la plus proche de chez moi."
Emiie.R D,1 star,a month ago,"Dommage les produits sont trÃ¨s bon mais les vendeuses aussi aimable et gentille qu'une claque dans la figure... C'est moins bien : Bonjour a peine audible, le au revoir entre deux conversation avec la collÃ¨gue dans une autre langue pour ne pas Ãªtre comprise... Ah ! Et un dÃ©dain omniprÃ©sent."
AnaÃ¯s Izambay,3 stars,a month ago,"Je mets 3 Ã©toiles car finalement je suis tombÃ©e sur 2 vendeuses sympathiques et sur de bons plats du midi, ainsi que de bonnes viennoiseries. Mais je prÃ©cise que je nâ€™y venais plus car jâ€™avais Ã©tÃ© servie par une jeune vendeuse impolie (ni bonjour et insolente dans ses rÃ©ponses)."
Kroos Vk,3 stars,a month ago,"Bonne boulangerie dans lâ€™ensemble, jâ€™aurais pu mettre cinq Ã©toiles mais par rapport Ã  la courtoisie franchement câ€™est trÃ¨s dÃ©cevant on demande pas un sourire forcÃ© pendant cinq minutes. Mais quand mÃªme un minimum dâ€™accueil pour le client . Dommage"
Kamilia D,5 stars,3 months ago,Excellentes pÃ¢tisseries!!! N hÃ©sitez pas Ã  vous rÃ©galer les yeux fermÃ©s !! Parfait pour une petite pause ds la journÃ©e ğŸ˜personnel sympa â€¦ peut Ãªtre quâ€™une terrasse plus adaptÃ©e pourrait Ãªtre plus sympa â€¦pour une pause gourmande ğŸ‘ğŸ‘ğŸ‘ â€¦
Ù†ÙˆØ§Ù„ Ø§Ù„Ø¹Ù†Ø²ÙŠ,5 stars,a week ago,"The bakery is a wonderful word, it is clean and delicious, bread brushes and samun of all sizes and types - and they have cake and cupcakes with all flavors and fruits, and daily they tell croissants and pastries sweetened with chocolate and they have all flavors - in general, it is suitable for lovers of baked goods."
Cam Nguyen Truong,2 stars,3 months ago,"Le pain est bon, les pÃ¢tisseries aussi. Mais l'accueil au secours, le patron devrait vraiment changer les choses, il h a plein d'avis sur l'accueil.
Perdre des clients est plus rapide que de s'en faire"
Michael,1 star,a month ago,"Si je pouvais mettre -1000 je lâ€™aurais fait, jâ€™ai demandÃ© des baguettes coupÃ©es en deux. Une moitiÃ© est tombÃ©e lors de sa manipulation et elle me lâ€™a quand mÃªme vendue. Jâ€™ai laissÃ© couler car Dieu voit tout. Moi jâ€™ai juste perdu 60cts(lâ€™Ã©quivalent dâ€™une demi-baguette)."
Marie Jav,1 star,a month ago,"La qualitÃ© n'est pas Ã  la hauteur des prix, trop cher pour des produits surgelÃ©s, pour ce qui est des vendeuses, catastrophe, elles ne savent mÃªmes pas fermer le sac qui contient les viennoiseries. Elles ne sont pas aimables, parlent entre elles sans mÃªme regarder le client.
Puis parler en arabes devant les clients ce n'est pas correct. Cordialement."
rxm7.68z zzz,5 stars,a month ago,"Boulangerie gÃ©niale on y trouve tout ce quâ€™il faut, vendeuses trÃ¨s agrÃ©ables trÃ¨s bonne ambiance. ParticuliÃ¨rement une dame blonde qui mâ€™a fait un superbe accueil"
ouhichi sayf,1 star,2 months ago,"Franchement il faut changer les vendeuses on a marre d eux ..pas de politesse pas de respect et le pire elles se forcent a nous servir........on parle meme pas de l accueil pfffffffff.................

.surtout la petite avec le foulard et l autre qu elle a une graine de beautÃ©...une boulangerie a Ã©vitÃ©"
Carine Coudrier,1 star,3 months ago,"J'y allais mais j'ai dÃ©cidÃ© d'arrÃªter.
La qualitÃ© gustative est prÃ©sente. Cependant la qualitÃ© professionnelle du personnel (les vendeuses) n'est pas prÃ©sente. Elles sont trÃ¨s peu aimables."
aurelia stanica,1 star,2 months ago,"Bonjour,  je suis client fidÃ¨le Ã   cette boulangerie rt je suis trÃ¨s  dÃ©Ã§u par le comportement de certaines vendeus. Je demandÃ© pour couper la baguette et la vendeuse Ã  Ã©tÃ©  pas contante. Je me scuze de o dÃ©range et elle commande Ã  parler dans une autre lang avec sa collÃ¨gue. Ce ne pas une comportement corect."
Marwan Marwan,5 stars,a month ago,"Lâ€™une des meilleures boulangeries de Vitry-sur-Seine,
Allez-vous dans une boulangerie pour le sourire ou pour un bon savoir faire .
Les boulangÃ¨res son trÃ¨s aimable au passage ."
JoÃ«lle,1 star,a month ago,"Accueil dÃ©sagrÃ©able des vendeuses et viennoiseries plus cher qu'Ã  porte de Choisy. C'est vraiment dommage, car vous Ãªtes bien placÃ©.
M. Le patron cadrez vos employÃ©es qui n'ont aucun sens du commerce."
Massa Tiberi,1 star,5 months ago,HonnÃªtement c'est la troisiÃ¨me fois que je me rends dans cette boulangerie et je suis extrÃªmement dÃ©Ã§ue par l'accueil. Je ne sais pas si c'est en raison des fÃªtes ou du manque de congÃ©s des employÃ©s mais les deux dernieres fois oÃ¹ j'y suis allÃ©s les vendeuses Ã©taient exÃ©crables et manquaient terriblement de courtoisie. C'est bien la derniÃ¨re fois que je m'y rends.
Sarah M,1 star,6 months ago,"Vendeuse bizarre surtout une brune avec une verrue sur le coin du nez. Mal Ã©levÃ©e, insolente, surtout la pour fzire le show.
Des prix Ã  la limite du vol...pÃ¢tisserie Ã  6 euros infecte mÃªme pas de qualitÃ©. J'ai achetÃ© plusieurs fois des gÃ¢teaux que mes enfants ont refusÃ© de manger."
Kelly H,2 stars,5 months ago,"Je rejoins les avis prÃ©cÃ©dents...
J'aime beaucoup les pÃ¢tisseries, viennoiseries ainsi que les produits du midi (sandwich, tacos, pizza...), je n'ai clairement pas de problÃ¨me avec eux que je mange avec grand plaisir.

Cependant reste Ã  avouer que la cordialitÃ© du personnel est franchement trÃ¨s dÃ©cevante et Ã  revoir d'urgence.
Le bonjour est alÃ©atoire, le sourire je le cherche encore, et malheur si on rajoute un produit Ã  la derniÃ¨re minute.

Si on passe une mauvaise journÃ©e oÃ¹ qu'on a eu un client dÃ©sagrÃ©able pas besoin de se dÃ©fouler sur le suivant qui lui est correct et poli.
Je suis moi mÃªme dans la vente et je fais trÃ¨s bien le distinguo.
Si on ne supporte pas la clientÃ¨le faut changer (plus facile Ã  dire qu'Ã  faire je le conÃ§ois, mais quand on a presque que des avis nÃ©gatif sur toujours la mÃªme chose Ã  savoir l'amabilitÃ© des vendeuses faut peut-Ãªtre se remettre en question. Il en va de la rÃ©putation de la boulangerie).

Bref en rÃ©sumÃ© :
La nourriture: top !
Le personnel : flop !"
Thierry,2 stars,5 months ago,"L'accueil s'est un peu amÃ©liorÃ©, qualitÃ© ok cÃ´tÃ© pain, Ã§a pourrait Ãªtre meilleur.
Les pÃ¢tisseries et les prix des viennoiseries sont plus cher que les boulangeries dans Paris, surtout pour la qualitÃ© que c'est."
Bouchra Rejjali,1 star,5 months ago,"Boulangerie Ã  eviter !!!!!!!
TrÃ¨s mauvaise expÃ©rience, vendeuses mal Ã©levÃ©es, surtout celles du soir, rÃ©cemment yâ€™avait un gas aui travallait le soir il parle meme pas franÃ§ais il comprenait pas ce aue je lui disais.

Une vendeuse parlait au telephone en servant les clients, et en mettant un haut-parleur. Cela est un manque de respect.
Dâ€™autres ne mettent pas de gants en servant les clients ou en placant les produits.

A mon avis le navir est en train de couler, je mâ€™y rendrai plus jamais  lÃ -bas."
Bouthaina Helal,5 stars,4 months ago,"J'adore cette boulangerie et je me rends rÃ©guliÃ¨rement surtout la vendeuse meriem est trÃ¨s agrÃ©able, serviable et souriante qui est toujours Ã  lâ€™Ã©coute de clients. Je recommande Ã  100% cette boulangerie â™¥ï¸"
Maya Kysdeco,5 stars,a month ago,Jâ€™ai adorÃ© la boulangerie le pain est trÃ¨s bon les viennoiseries et gÃ¢teaux aussi et surtout les trompe Å“il sont dÃ©licieux
Bernard Levier,1 star,3 months ago,Suite a mes plusieurs passages au quartier toujours meme problÃ¨me de vendeuse pas amiable et la qualite  de la viennoiserie et pain  c dÃ©gradÃ©e. Pas de rÃ©action du patron malgre les commentaires sur google
Binta Bah,1 star,2 months ago,"Personnel trÃ¨s dÃ©sagrÃ©able. MÃªme un bonjour c'est trop demandÃ©. Un conseil changez de mÃ©tier.
Les produits de plus ont baissÃ© en qualitÃ© !"
"Bassem ,",1 star,3 months ago,"Baguette tradition pourrie avec de la moisissure, surveillez votre boulanger Mr le patron car je suis tombÃ© malade, je prÃ©fÃ¨re vous le signaler afin que cela ce reproduise plus, j'aurais pu prendre des photos pour les transmettre au service DDPP ( Direction DÃ©partementale de la protection de la population du 94 situÃ© Ã  Rungis. Attention Attention l'hygiÃ¨ne c'est primordial"
JPh M,5 stars,5 months ago,"Boulangerie toujours trÃ¨s bien achalandÃ©e, pas mal de viennoiseries originales (pain au chocolat/nutella Â« tigrÃ© Â», croissants pistache ou framboise), personnel accueillant et serviable"
Sarah love you,3 stars,a month ago,Je suis d'accord concernant les clients qui sont mÃ©content de l'accueil des vendeuses. Mais pas toutes y'on a qui sont sympathique et accueillantes.
Niamoungue Mendy,2 stars,a year ago,Bonjour je suis venu acheter une part de fraisier en fin de matinee la serveuse ma emballer une part tarte aux fraise donc je n'ai pas vu ce qu'elle a emballer cest une fois que j'ai voulu la manger le soir je me suis aperÃ§u qu'elle c'Ã©tait tromper et j'ai payer le prix d'une part de fraisier c'est normal???????
Omouri lynda,5 stars,3 months ago,"Boulangerie au top!!!
TrÃ¨s bonne variÃ©tÃ© des produits sans rater lâ€™accueil chaleureux des vendeuses.
Bonne continuation Ã  tous."
Carine Nadia,1 star,9 months ago,"Premier passage, wrap bon ! mais le personnel dÃ©sagrÃ©able. Elles tire la tronche elles ne disent pas bonjour. On a la sensation de dÃ©ranger ces dames pendant quâ€™elle discute en arabe devant les clients, je trouve  Ã§a trÃ¨s impolie de leur part. Maintenant Jâ€™ai juste envie de leur dire Ã  ces dames si vous nâ€™aimez pas votre mÃ©tier changer de vocation. Je nâ€™y retournerais pas. Le patron devrais revoir son personnel. Vu les commentaires."
Alex Ling,3 stars,2 years ago,La baguette tradition est correcte et les personnels sont assez efficaces.
Sam K,2 stars,5 days ago,Les sandwichs sont bons mais le service est lent et assez dÃ©sagrÃ©able
Sha Fie,1 star,8 months ago,"Nous nous forcions Ã  aller dans cette boulangerie, les pÃ¢tisseries et le pain Ã©tant trÃ¨s bons malgrÃ© l'humeur et l'attitude dÃ©sagrÃ©ables des vendeuses. Cependant aujourd'hui aura Ã©tÃ© la derniÃ¨re fois, l'attitude des vendeuses Ã©tant plus que dÃ©plorable et insultante lors d'une demande de renseignements sur l'augmentation des prix. Au cas oÃ¹ cela aurait Ã©tÃ© oubliÃ©, un client n'est pas censÃ© se faire engueuler lorsqu'il pose une question. Si vous souhaitez avoir un service de qualitÃ©, cette boulangerie est Ã  fuir."
L. T.,3 stars,2 years ago,"Ils ont des bons produits mais malheureusement les vendeuses sont trÃ¨s apathiques et peu cordial,il yâ€™a quand mÃªme beaucoup dâ€™incivilitÃ© des gens qui dÃ©passent comme si ils Ã©taient seuls au monde aucuns savoir vivre,sinon le panini au thon est trÃ¨s bon tout comme le pain au chocolat dit le tigre nutella,mais pas lâ€™Ã©clair au spÃ©culos qui nâ€™est pas goÃ»teux."
Emile Leuba,4 stars,a month ago,Bonne tradition et bons pains complet. Peut Ãªtre un peu cher sur certains articles mais pas meilleur dans le quartier !
Clarisse Jsn,2 stars,8 months ago,MÃªme prix que dans Paris centre. 7e la portion de salade avec pas grand chose dedans. On ne peut plus manger efficace et pas cher en boulangerie ? C'est pas parce que l'endroit est propre et qu'il y a des dorures sur les pÃ¢tisseries que tout doit Ãªtre cher.
sohane mbye,5 stars,a month ago,Un trÃ¨s bon accueil reÃ§u  dâ€™une jeune dame blonde. Hyper bienveillante ! Je recommande !!
Koharu Chan,1 star,9 months ago,"Cela fait des mois que je me rends rÃ©guliÃ¨rement dans cette boulangerie, parfois jâ€™y viens avec mon chien. Je nâ€™ai jamais eu aucun problÃ¨me jusquâ€™Ã  aujourdâ€™hui, on mâ€™a virÃ© de la boutique sÃ¨chement, je voulais prendre 2 pains chocolats, Ã§a aurait prit 2mn ! MÃªme les clients autour nâ€™Ã©tait pas dÃ©rangÃ©s par la prÃ©sence de mon chien. DÃ©jÃ  que le service nâ€™est pas trÃ¨s agrÃ©able Ã  la baseâ€¦ Honteux, je ne reviendrai plus."
solange laugie,3 stars,2 years ago,"La tradition et la baguette sont excellentes mais hÃ©las la pÃ¢tisserie ne suit pas.le fraisier est fade la crÃ¨me est qu au beurre...pas bon
Le paris Brest la crÃ¨me n' a pas le goÃ»t de praline... C est vraiment dommage car le prix des gÃ¢teaux est cher"
Fatou THIAM,4 stars,9 months ago,"TrÃ¨s bonne boulangerie, jâ€™adore vos viennoiseries. Par contre le 24/08 jâ€™ai achetÃ© une brioche ( jâ€™en prends Ã  chaque passage) mais celle ci Ã©tait assez grosse ce jour lÃ . Jâ€™Ã©tais super contente mais arrivÃ© chez moi jâ€™ai vu quâ€™elle nâ€™Ã©tait pas cuite Ã  lâ€™intÃ©rieur. Faites attention! Jâ€™espÃ¨re que Ã§a ne se reproduira plus. Sinon le reste rien Ã  dire!"
Hakim Maaref,4 stars,4 months ago,Magnifique virine et excellent produit a tout les niveaux baguette pains spÃ©ciaux et surtout La pÃ¢tisserie top.du top
malak c'tou,1 star,a year ago,"Ã‰tant cliente Ã  cette boulangerie depuis son ouverture je suis trÃ¨s satisfaite des produits, tradition excellente par contre l'impolitesse et le manque de professionnalisme de la part de quelques vendeuses deviennent insupportables, il est indispensable que le patron fasse quelque chose pour Ã©viter la dÃ©gradation de cette boulangerie (vraiment dommage).
PRECISION: il n'y a plus de pain Ã  partir de 18h30 quand le patron est en vacances alors que la fermeture est Ã  21h."
Said Taourirt,1 star,11 months ago,Vendeuse avec aucun professionnel aucun sourire. MÃªme pas de bonjour. Je ne viendrai plus car cela est vraiment dÃ©sagrÃ©able pour les clients. La production des sandwichs le matin vers 4h 30 ...ont voit de la vitrine de l extÃ©rieur. Pas de gants .ou est l hygiÃ¨ne...
Flore Spriet,2 stars,8 months ago,"Les produits sont super bons mais les vendeuses sont extrÃªmement dÃ©sagrÃ©ables. Pas de bonjour, on sent quâ€™on les dÃ©range dans leur discussions. Ã‡a donne plus envie dâ€™y aller alors que les produits sont savoureux."
Yoga Relax,1 star,a year ago,"Aujourdâ€™hui le 7 avril 2022, cela fait 6 mois que je viens acheter du pain dans cette boulangerie et vous savez quoi ? aprÃ¨s avoir acheter du pain et quelques viennoiseries, jâ€™ai encore vu lâ€™impolitesse dÃ©s serveuses de lâ€™accueil, aucun bonjour ni au revoir.  Jâ€™avais  lâ€™impression de voir des personnes dÃ©pressives, au bout de leur vie.  Mesdames les SERVEUSES vu vos tÃªte dâ€™enterrement, il faudrait peut Ãªtre changer de mÃ©tier ou â€¦  Hormis cela,  Bon pain bonne pÃ¢tisserie, prix raisonnable.et le boulanger est plutÃ´t cool."
idris hassaini,1 star,a year ago,"Ã‡a fais fort longtemps que je ne suis pas passÃ© dans cette boulangerie Ã  cause de l'accueil dÃ©sagrÃ©able mais j'ai Ã©tÃ© aujourd'hui trÃ¨s surpris par les deux nouvelles vendeuses, trÃ¨s polie, courtoises, trÃ¨s bonne Ã©locution, un franÃ§ais impeccable, serviables et surtout souriantes. C'est vraiment ce qui manquÃ© dans cette boulangerie ( Ã  promouvoir).
je reviendrai avec grand plaisir Ã  condition qu'elles soit toujours lÃ  bien sur."
kazdaghli hamza,5 stars,a month ago,"TrÃ¨s bonne boulangerie, des pÃ¢tisseries et le snacking sont excellents."
Paupau,4 stars,a year ago,"Personnellement j'adore cette boulangerie, Ã©tant dÃ©jÃ  Ã©tÃ© boulangÃ¨re Ã  courte durÃ©e dans une autre boulangerie, vaux mÃ©chancetÃ© ne nous atteint pas. Servir des clients qui sont irrespectueux envers les vendeuses sa donne surtout pas envie de les servirs.. Vous avez tous vos avis et c'est normal mais de la Ã  dÃ©nigrer les vendeuse je suis pas totalement d'accord avec vous autres. En tout cas mon pain prÃ©fÃ©rÃ© et celui que je prend tout le temps c'est le pain Baltik, pas encore goÃ»ter les pÃ¢tisserie mais je viendrais en prendre la prochaine fois"
Pitaya,1 star,a year ago,"Je ne recommande du tout pas cette boulangerie, La premiÃ¨re fois que jâ€™y suis allÃ©  il se sont tromper sur ma commande  la vendeuse Ã  oser hausser le ton sur moi , car je lui ai dis quâ€™elle câ€™Ã©tait tromper alors quâ€™elle ne fais pas du tout son travail correctement  .La deuxiÃ¨me fois , je suis tomber sur une autre oÃ¹ je suis rester 6 min Ã  faire la queue sans mÃªme quâ€™elle me demande ce que je souhaite , jusquâ€™Ã  ce que je lâ€™interpelle ( elle as servis 3 clients devant moi). Câ€™est inadmissible . Je trouve que vous devriez sincÃ¨rement suivre un stage pour apprendre Ã  accueillir  les clients , comportement dÃ©plorable . Vous ne mÃ©riter mÃªme pas une Ã©toile Je prÃ©fÃ¨re faire 10km pour acheter une baguette que dâ€™aller a cet boulangerie qui se situe a 100m de chez moi .( Mal accueillir les gens ne vous aidera pas Ã  avoir plus de clients ) cordialement , Ã  bon entendeur ."
rx l,1 star,11 months ago,"Vendeuses dÃ©sagrÃ©ables, cela fait plus d'un an que je suis une cliente rÃ©guliÃ¨re, et aucun changement de comportement particuliÃ¨rement la dame avec un roux ratÃ©! On dirait des clones elles ont toutes la mÃªme tÃªte d'enterrement! Bonjour merci la base! On dirait qu'on vient mendier. DÃ©sormais j'irais plus loin!"
Vincent KIFKIF,1 star,a year ago,"Au revoir les vendeuses du CAP!!! Le pain et les viennoiseries sont bonnes, mais c'est tout. Les vendeuses sont impolies et dÃ©sagrÃ©ables avec les clients! Jamais un bonjour, un au revoir ou un merci, le principe de cette boulangerie = emballer puis payer!!! Je vois dans les commentaires que je ne suis pas le seul Ã  faire la remarque, je crois que l'on doit les ""EMBÃŠTER"" (malheureusement je suis filtrÃ© et ne peux pas utiliser d'autres mots)!!! Le patron peut-il faire quelque chose, car c'est la premiÃ¨re fois que je rencontre dans un commerce un manque de respect pour les clients aussi flagrant?? Nous y allions quotidiennement avec mon Ã©pouse et des amis, maintenant c'est terminÃ©, nous prÃ©fÃ©rons aller plus loin."
LÃ©opold Carron,3 stars,a year ago,"C'est chÃ¨re par rapport Ã  d'autre boutiques. Les vendeuses se trompent souvent sur les grosses commandes et n'ont jamais Ã©tÃ© trÃ¨s agrÃ©able (les avis nÃ©gatifs sont mÃ©ritÃ©s). Mais la qualitÃ© des produits est excellente, faite maison et leur pain suisse / croissant aux amandes suffisent a y retourner toutes les semaines.. chacun sa faiblesse."
F? ?F,1 star,a month ago,"Prix Ã©levÃ© et qualitÃ© normale, la vendeuse mâ€™a ignorÃ©e et passait aux clients dâ€™arriÃ¨re, excuse-moi ???"
Malcolm,1 star,a year ago,Assez bonne boulangerie par contre les vendeuses faut quel ce calme tout de suite pas aimable du tout limite insolente et bien sÃ»r aucun de mots gentils elle avait un chignon noir avec un grain de beautÃ© vers 16h30 ce mercredi la prochaine fois quâ€™elle me parle comme sa elle verras.
Adrien Charles,5 stars,2 years ago,"Franchement quand je lis les commentaires nÃ©gatifs sur les vendeuses, en dirai câ€™est pas la mÃªme boulangerie oÃ¹ jâ€™achÃ¨te mon pains, viennoiseries et pÃ¢tisserie depuis lâ€™ouverture Ã§a fait deux de Ã§a , moi je conteste vraiment ses commentaires car je trouve câ€™est lâ€™inverse elles font leurs boulot correctement et vraiment chapeau, car comme je travaille dans une grande surface je sais bien câ€™est quoi ce boulot, avec autant de clients par jour moi je trouve les vendeuses sont courageuses et gÃ¨rent bien leurs boulot. Quand on voit que la queue arrive jusquâ€™Ã  lâ€™extÃ©rieur moi je trouve que câ€™est une boulangerie qui marche bien, personnellement je rentre 2 Ã  3 fois par jour je nâ€™ai jamais vu une vendeuse parlait mal Ã  un client .
Moi je pense si un client a Ã©tÃ© mal accueilli par une vendeuse, il faut quâ€™il voit direct avec le patron et expliquer le mÃ©contentement."
Ling Hsia,3 stars,7 months ago,"Vendeuse pas trÃ¨s avenante, siÃ¨ge casse-et sale (qui a le mÃ©rite dâ€™exister)â€¦ sol sale. Dommage. (Ah oui, ne font pas de fiche sans dÃ©tailâ€¦ du moins câ€™est ce quâ€™on mâ€™a ditâ€¦)"
Kaja Wystanska,4 stars,a year ago,"Je suis neutre vis Ã  vis de l'accueil, il n'est pas exceptionnel mais ne me choque pas plus que Ã§a. Les pÃ¢tisseries sont trÃ¨s bonnes et nous revenons rÃ©guliÃ¨rement. DÃ©Ã§ue par le pain (trÃ¨s sec et fade) du sandwich vÃ©gÃ©. Mais bon, rÃ©guliÃ¨rement contents des desserts !"
Hichem Belkacem,1 star,a year ago,"Habitant le cartier, je rejoins la majoritÃ© des avis nÃ©gatifs.
Je passe chaque matin dans cette boulangerie et rien ne change l'accueil est toujours glacial, les  vendeuses sont vraiment pas professionnels, pas du tout souriantes, non propres, parlent trÃ¨s mal aux clients (sauf traitement de faveurs pour les autres).
La derniÃ¨re fois le panini  Ã©tait froid Ã  l'intÃ©rieur, j'avais donc demandÃ© de me le rÃ©chauffer la vendeuse allait limite m'insulter.
je viens avec mon argent, je ne fais pas de la charitÃ© pour mÃ©riter un accueil aussi froid et avide.
Je ne sais pas sur quels critÃ¨res vous vous basÃ©es pour le recrutement du personnel mais franchement vous devriez revoir ces derniers.
Embaucher des personnes compÃ©tentes et surtout respectueuses et non des cantinieres qui ne savent mÃªme pas Ãªtre aimable avec la clientÃ¨le.
C'est vraiment dommage car c'est le seul gros bÃ©mol de la boulangerie,  cÃ´tÃ© produits rien a dire tout est trÃ¨s bon."
Marc S,1 star,a year ago,"Les boulangÃ¨res sont tellement dÃ©sagrÃ©ables, que j'ai dÃ©cidÃ© de ne plus me rendre dans cet Ã©tablissement. Le service est dÃ©plorable, on vous met presque mal Ã  l'aise d'Ãªtre client, on a l'impression de dÃ©ranger. Cher boulanger, il est grand temps de renouveler les personnes que vous mettez au comptoir... au vu des commentaires, cela dure depuis 1 moment. Les baguettes sont 10 centimes plus cher que les autres boulangeries dans le coin. Malheureusement, Ã  fuir!"
Iman CHAGGAR,5 stars,6 months ago,"Accueil chaleureux, vitrine trÃ¨s jolie et propre. Les viennoiseries et le pain sont trÃ¨s bons. Je recommande"
Lisa Mara,1 star,a year ago,"A fuir , la pire boulangerie de Vitry !!!!
Jâ€™Ã©tais obligÃ© de mettre 1 Ã©toile mais vous ne la mÃ©ritez pas !

Personnel horrible , les serveuses sont antipathique , trÃ¨s dÃ©sagrÃ©able , rÃ©ponde mal aux clients !! Desfois vaux mieux ne pas prendre des membres de sa famille aux comptoir, ses femmes ne sont pas faites pour Ã§a , rÃ©orienter vous !

Câ€™est trÃ¨s cher pour une qualitÃ© de pÃ¢tisserie pas bonne du tout , les milles feuilles sont fait avec de la crÃ¨me au beurre trÃ¨s lourde . Le pain nâ€™est pas bon du tout . Les sandwichs me font penser aux sandwichs vendu dans les grandes enseigne avec du pain plein de mie .

Votre boulangerie est bien placÃ© je trouve Ã§a dommage que la qualitÃ© ne soit pas la hauteur de lâ€™emplacement !!"
Atef Ammari,5 stars,4 months ago,Merci beaucoup pour l'Ã©quipe de l'aprÃ¨s midi Le Cap Good service thank you for all toujours souriante ğŸ¥°ğŸ’ğŸ¥‡ â€¦
Sadio,1 star,a year ago,"Aujourdâ€™hui dimanche 27 mars 14h. Jâ€™ai envoyÃ© mon petit frÃ¨re mâ€™acheter un panini dans cette boulangerie. Il revient avec un panini tout froissÃ©, grillÃ© et relativement petit pour le prix (5â‚¬). Ã‡a fait 2 fois que lorsque jâ€™envoie mon petit frÃ¨re qui a 10 ans dans cette boulangerie on lui donne des trucs nÃ©gligÃ©s, une autre fois câ€™Ã©tait un chausson aux pommes tout pliÃ©. Yâ€™a t-il une diffÃ©rence de traitement ? Malheureusement je nâ€™ai pas eu le temps de revenir Ã  la boulangerie mais câ€™est inadmissible."
Kaissa Saidani,1 star,7 months ago,Pas aimable refuse de me mettre de la mayo dans mon sandwich qui a couter 5e tout sec alors quâ€™elles sont 3 a lâ€™accueil le client est loin dâ€™Ãªtre roi mÃªme aprÃ¨s avoir payer je recommande pas et jâ€™irais plus jamais
chris94270,5 stars,a year ago,"Premier passage aujourd'hui ,j'ai pris plusieurs pÃ¢tisserie et viennoiseries ,les prix sur un chuya au dessus de la moyenne mais pas dÃ©Ã§ue !! TrÃ¨s bon
Belle boutique ,le service Ã©tait correcte.
Je reviendrai bientÃ´t"
Sofvitrry94,1 star,a year ago,"Faudrait vraiment changer la serveuse dame ""blonde"" Ã  la caisse !!! Impolie, irrespectueuse, ne sait toujours pas porter un masque correctement et se permet da faire des rÃ©flexions sur les clients !!! Inadmissible !! C'est pas la 1Ã¨re fois que je la remarque mais vraiment je tiens Ã  la signaler car elle n'est pas du tout professionnelle et  agrÃ©able ! Auparavant il y avait u e serveuse beaucoup plus efficace et agrÃ©able... bien dommage  ! Il faudrait vraiment penser Ã   recruter du personnel qualifiÃ© !!"
robinio016 r,1 star,5 months ago,"Viennoiseries horribles, pas de goÃ»t que du pain en plus d'un personnel dÃ©sagrÃ©able, Je dÃ©conseille."
Hugo,1 star,a year ago,"Bonjour,

Je me suis rendu dans votre boulangerie ce matin, et j'ai Ã©tÃ© extrÃªmement dÃ©Ã§u par l'accueil dÃ©plorable et irrespectueux que j'ai reÃ§u. La vendeuse Ã  lunettes Ã©tait dÃ©sagrÃ©able, condescendante, presque vulgaire, et se permettait des remarques complÃ¨tement inappropriÃ©es avec les clients. J'ai vraiment dÃ©testÃ© mon passage chez vous aujourd'hui.

J'avais dÃ©jÃ  frÃ©quentÃ© votre Ã©tablissement Ã  plusieurs reprises cet Ã©tÃ©, et j'avais toujours le plaisir d'Ãªtre pris en charge par une gentille jeune dame brune, qui ne semble plus travailler chez vous, ce qui est bien dommage, car son service Ã©tait plus qu'excellent : sourire, gentillesse et bontÃ© Ã©taient constamment au rendez-vous.

Je suis donc fort dÃ©sappointÃ© de constater que le service s'est dÃ©tÃ©riorÃ© Ã  ce point. Ce ne semble pas Ãªtre une dÃ©marche commerciale qui reprÃ©sente votre enseigne telle que je l'ai connue : sachez que vous avez perdu un client et que je ne repasserai pas dans votre boulangerie, quitte Ã  faire plusieurs kilomÃ¨tres pour acheter ce dont j'ai besoin ailleurs.

Un conseil : changez de personnel et choisissez des gens qui s'y connaissent en service client !!

Bon courage"
Criss LoneKey,2 stars,a year ago,"LÃ  depuis le tout dÃ©but, j'ai pu remarquer le dÃ©clin du service des vendeuses et je rejoins la plupart des avis nÃ©gatifs les concernant. Je ne connais pas le turn over/l'effectif total mais une chose est sÃ»r, c'est que le sourire y est rare, les rÃ©ponses assez sÃ¨ches et l'accueil souvent froid.
LittÃ©ralement Ã  2 pas de chez moi, il m'est dÃ©jÃ  arrivÃ© de me rÃ©tracter au dernier moment juste en y pensant.
Concernant les produits, je prends de temps en temps une baguette tradition, que je trouve trÃ¨s bonne. Pour les viennoiseries, c'est un petit peu au bonheur la chance, j'ai l'impression que parfois Ã§a passe et d'autres fois moins (peut Ãªtre des restes de la veille).
A voir comment Ã§a va Ã©voluer mais je pense donner une chance aux boulangeries aux alentours."
Pierre Hard,1 star,a year ago,Dommage que le patron ne tienne pas compte des nombreux avis nÃ©gatifs au sujet de l'accueil de ses clients car malheureusement cela ne change pas ! Le pain et les viennoiseries sont bonnes mais le service est dÃ©plorable et parfois mÃªme trÃ¨s irrespectueux envers la clientÃ¨le.
Illy Ben,1 star,2 years ago,"A Ã©viter. Accueil froid et trÃ¨s dÃ©sagrÃ©able. Les vendeuses ne disent pas bonjour, sont incapables de vous donner le nom des produits qu'elles vendent. Elles sont trÃ¨s dÃ©sorganisÃ©es : j'ai attendu pour Ãªtre servi alors qu'il y avait qu'une seule cliente devant moi et elles Ã©taient 3 derriÃ¨re le comptoir. J'ai  eu l impression de dÃ©ranger. Les pÃ¢tisseries sont trÃ¨s sucrÃ©es limite Ã©cÅ“urante. Je dÃ©conseille fortement."
Lisa Berthe,1 star,a year ago,"Visiter une 1er fois wahou !!!! Une vraie dÃ©ception..... des vendeuses pas accueillante  , AUCUNE politesse  ,  visage et comportements aigrie ont dirais qu' ont les dÃ©range..... elles regarde mal les clients ses abuser  , j ' ai poser une question et elle ma rÃ©pondu sÃ¨chement !!! Et n ' aime pas leurs boulots donc sont dÃ©sagrÃ©ables avec la clientÃ¨le ses aberrants !!! A fuirrrrrrrrrrrrrttr"
Nassira Bouzidi,1 star,a year ago,"Bon malheureusement je n ai pas mieux Ã  dire que les prÃ©cÃ©dents avis je travaille dans le bvd et mes collÃ¨gues et moi aimons faire des petits brunch.
Je suis allÃ© ce vendredi et sincÃ¨rement je reconnais que certaine viennoiserie sont excellentes mais en ce qui concerne les dames qui sont en thÃ©orie censÃ© recevoir la clientÃ¨le avec un minimum d amabilitÃ© waouah ce n est vraiment pas le cas.
Je suis navrÃ© mais quand on est en dÃ©pression on travaille de prÃ©fÃ©rence dans un milieu clos au mieux ou du moins sans public."
Artisans de France,5 stars,5 months ago,"TrÃ¨s bonne boulangerie, je ne comprends pas la note."
Jerome Delesalle,1 star,a year ago,"Le service y est catastrophique. Quâ€™il y ai du monde ou pas le service est long, trÃ¨s long ! Le personnel est sur tÃ©lÃ©phone portable ou discute sans se soucier du client. Pour le sourie et les formules de politesse vous repasserez, ici câ€™est Ã  la chaÃ®ne et dâ€™un accueil froid et austÃ¨re. Le pain est Ã  consommer vite, du midi au soir il se conserve mal. Câ€™est trÃ¨s dÃ©cevant car lâ€™emplacement est top"
LECOACH OSM,5 stars,2 years ago,"Jâ€™ai pris Ã©normÃ©ment de plaisir durant mon voyage Ã  Paris en allant ici ! Si il y en avait une dans le sud jâ€™y serais directement aller ! Les macarons sont Ã  sâ€™en lÃ©cher les doigts, le fraisier est incroyable et je ne parle mÃªme pas de la crÃ¨me qui est juste incroyable !
Je recommande!"
Hylhem Mfk,1 star,a year ago,"Jâ€™ai acheter 4 pÃ¢tisserie aujourdâ€™hui, une tarte aux framboises, un fraisier, un Paris Brest et un millefeuille pralinÃ©.
Les 4 sont horrible Ã  vomir
Les framboises pÃ©rimÃ©es, les fraises surgeler et gorgÃ© dâ€™eau, le Paris Brest ne date pas dâ€™aujourdâ€™hui il Ã©tait dur et sec! Quand au millefeuille pralinÃ© oÃ¹ ont ne sent pas la pralinÃ© et il nâ€™est pas du jour !
Juste horrible, jâ€™ai eu mal au ventre toute lâ€™aprÃ¨s-midi moi et ma famille.
Sachez que si je fais une infection alimentaire je vous poursuivrait en justice et je vous enverrais les services du contrÃ´le dâ€™hygiÃ¨ne alimentaire

Bonne journÃ©e."
Leo Duteil,1 star,2 years ago,"Belle structure aÃ©rÃ©e et lumineuse, gÃ©rÃ©e par des clichÃ©s de ""cantiniÃ¨res"" certainement nouvelles dans la profession. Avec la plus absente des dÃ©licatesses, votre produit peu frais sera servi maladroitement et sans conseil.
Vous terminerez sur une note bien salÃ©e qui aurait pu, Ã  la limite, Ãªtre agrÃ©mentÃ©e d'un gracieux ""AU SUIVANT""."
Norman WELLE,1 star,3 years ago,"Des produits jamais disponibles, une vendeuse peu professionnelle, c'est une boulangerie ?
Dans la vie d'un boulanger, il se fait avoir 2 ou 3 fois d'avoir une grande affluence de clients qui achetent tous le mÃªme produits et d'Ãªtre en rupture de stock mais lÃ  c'est toutes les semaines, n'apprenez vous pas de vos erreurs ?
De plus les produits sont trÃ¨s difformes et une des vendeuses n'est pas souriante et oublie parfois ce qui a Ã©tÃ© demandÃ© 3 secondes plus tÃ´t..."
Sarah Pro,1 star,2 years ago,"En lisant les commentaires cela me rassure car je ne suis pas la seule a le penser ! Il y a un rÃ©el manque de professionnalisme de la part des boulangÃ¨res, manque de communications, mal accueillie Ã§a fait 2 ans que jâ€™habite Ã  coter de cette boulangerie et je trouve Ã§a triste de ne pas Ãªtre un minimum courtois et agrÃ©able avec les clients. Câ€™est inadmissible je dÃ©conseille fortement malgrÃ© la qualitÃ© de certain produits"
Hacksou,1 star,2 years ago,"Ã‡a fait deux fois que je viens on me sers un sandwich avec un pain pas frais du tout, Super dur Ã  manger . Vu de l'extÃ©rieur c'est beau lumineux accueillant mais rien n'ai frais on dirait que Ã§a Ã©tÃ© fait le jour devant. Je te dÃ©conseille"
Manuella M,1 star,a year ago,"A FUIR !!! Les vendeuses sont impolie et leur bonne foi est douteuse. J'ai commandÃ© des chouquettes pour 2â‚¬20 mais elles me l'ont facturÃ© au double donc 4â‚¬40!! Et elles n'ont mÃªme pas le temps de m'Ã©couter feignant qu'il y'a beaucoup de clients.
Et le pire, les chouquettes Ã©taient racies et trÃ¨s huileuse. SÃ»rement des restes de plusieurs jours. Question qualitÃ©, vaut mieux aller acheter ses pÃ¢tisseries au carrefour d'Ã  cÃ´tÃ©.
Bref je n'y remettrai pas les pieds."
Sarah H,1 star,a year ago,"Vous devriez revoir vos horaires dâ€™ouverture.
Quand vous affichez une ouverture Ã  6h on laisse pas poiroter des clients sous la pluies pendant 30mn.
Nous ne sommes pas des chiens !!!
Câ€™est vraiment nimporte quoi cette boulangerie pff.
Je mettrais mÃªme pas une Ã©toile câ€™est juste quâ€™on est obligÃ© pour mettre un avis.
Mais cela tiendrais quâ€™a moi je mettrais - 100 Ã©toiles.
Aucun respect des clients, aucun savoir vivre, aucune amabilitÃ© rien du tout.
La pire boulangerie que jâ€™ai pu visiter et malheureusement jâ€™habite Ã  1 minutes pas trop le choix quoi.
Quand jâ€™y viens câ€™est vraiment par dÃ©pit, câ€™est grave quand mÃªme."
Pauline Fournerat,1 star,2 years ago,"Quel accueil Ã  chaque fois que je vais acheter mon pain... je sais Ã  quoi m'attendre malheureusement. Pas de bonjour, aucun Ã©change, aucune amabilitÃ©. Alors certes les viennoiseries et le pain sont bons... mais le service dÃ©plorable. TrÃ¨s dommage"
Aurore Loyer,1 star,2 years ago,"Je n'en revient pas du manque de communication et d'Ã©coute qu'il manque Ã  cet Ã©tablissement envers les clients.
Je viens chercher des croissants et on me dit d'attendre 10 minutes, j'attends donc gentiement. Les 10 minutes passe puis 15 minutes et je vais demander Ã  une des dames si les croissants sont prÃ¨s, et la elle me dit dans 16 minutes. Comment les 10 minutes dÃ©jÃ  transformÃ© en 15 minutes on pu encore augmenter Ã  16 minutes. C'est quand mÃªme hallucinant et pas une excuse de sa part.
Je ne trouve pas Ã§a normal qu'un client doivent attendre aussi longtemps pour 4 malheureux croissants..

Et hÃ©las dans cette boulangerie ce n'est pas la premiÃ¨re fois oÃ¹ j'ai dÃ» attendre plus de 25 minutes pour 4 croissants."
Ali BUTT,1 star,3 months ago,"Pain chocolat, Croissant et PÃ¢tisseries : industrielles ! Pas Â« Fait maison Â»"
gaoua sarah,5 stars,2 years ago,"Moi je trouve que les vendeuses sont trÃ¨s aimable souriante rapide
au contraire quand je vais lÃ  bas, les clients respecte mÃªme pas la fils d'attente ....ect. TrÃ¨s bonne boulangerie elle est la meilleure du coin ."
mine nadia,2 stars,3 years ago,"J'adore le pain de cette boulangerie. En revanche leurs vendeuses sont tellement peu professionnelles , elles ne sourient pas, ne sont pas aimables et font la tranche tout le temps.
Gros gros soucis elles ne portent pas de gants ce que je trouve inadmissible.
Sinon je valide leur pain Ã  100%"
Luccia Lolotte,1 star,a year ago,"Je mets une Ã©toile car on ne peut pas mettre 0.
Franchement rien a dire au niveau des viennoiseries et compagnie, mais la caissiÃ¨re câ€™est Ã  revoir ! A croire quâ€™on la force Ã  travailler et quâ€™elle nâ€™a pas dâ€™autre alternative. De bon matin quelquâ€™un ne peut pas Ãªtre aigri de la sorte ! Câ€™est parce que câ€™est Ã  deux pas de mon taf que jâ€™y vais mais sinon laisse tomber lÃ  meuf ! Par contre au niveau de celle qui prend les commandes rien Ã  dire toujours souriante elle donne envie dâ€™acheter.
Faites quelque chose pour lâ€™autre.  Pas souriante ! RÃ©pond hyper mal ! Regarde hyper mal ! Virez la mettez lÃ  aux fourneaux mais elle ne peut pas rester lÃ , elle rend moche la boulangerie."
Hu HO,1 star,3 years ago,"Pratique pour le dÃ©pannage. Jâ€™attendais beaucoup de cette boulangerie quand jâ€™ai vu lâ€™effort qui a Ã©tÃ© fait sur la dÃ©coration. Mais jâ€™ai Ã©tÃ© vite dÃ©Ã§u quand jâ€™ai goÃ»tÃ© aux viennoiseries, trop grasses, le feuilletÃ© pas bon, les chouquettes trop sÃ¨ches et trop petites. DÃ©sormais je nâ€™y achÃ¨te que le pain. Dommage.

En ce moment câ€™est la galette des rois, je me suis laissÃ© tentÃ© vu que les galettes avait lâ€™air appÃ©tissantes...encore une fois de plus dÃ©Ã§u, je demande si les galettes sont bien Ã  la frangipane, il me rÃ©pond oui. Seulement, Ã  la premiÃ¨re bouchÃ©e, la pÃ¢te trop sÃ¨che et surtout la frangipane est mÃ©langÃ©e avec de la coco rÃ¢pÃ©e ğŸ˜¡. Heureusement que je suis pas allergique Ã  la coco. Du coup encore dÃ©Ã§u une fois de plus... dÃ©cidÃ©ment je me contenterai dâ€™une baguette pour le dÃ©pannage..."
Malory R,1 star,a year ago,"pÃ¢tisserie congelÃ©e ...
juge crÃ©dible de faire patienter  au temps pour dÃ©congeler les produits ?
je me souvien de la jeune fifille qui a beaucoup attendus pour les croissant elle a eu droit a des raillerie une foit partie vu le gabari de ce tas elle devrait arrÃªtÃ© les croissant celle-ci""
pourquoi etre mÃ©chant et si peu aimables ?
je ne vous fÃ©licite et ne vous salut pas le cap"
Mia Li,2 stars,3 years ago,"Depuis l'ouverture j'achÃ¨te des pÃ¢tisseries lÃ  bas. Depuis je me demandais si c'Ã©tait du congelÃ© ou non et la rÃ©ponse est sans appel. J'ai achetÃ© un gÃ¢teau 3 chocolats tÃ´t le matin et bien je me suis retrouvÃ© avec un bloc de glace, la partie blanche n'avait pas du tout fini de dÃ©congeler ! Donc j'y achÃ¨terai plus de patisseries et les viennoiseries ne sont pas non plus exceptionnels...
La chose que j'apprÃ©cie par contre c'est le pain de maÃ¯s et le pain aux olives qui sont super bon."
K Kinh,1 star,2 years ago,"Accueil mÃ©diocre, attente importante alors qu'il n'y avait que deux clients pour deux commerÃ§antes. Cerise sur le gÃ¢teau, la pÃ¢tisserie (tarte aux framboises) Ã©tait probablement de plusieurs jours, si bien que quelques framboises Ã©taient vertes de moisissures (non visibles depuis l'extÃ©rieur) et la pÃ¢te spongieuse.
A eviter."
N G,5 stars,2 years ago,"il y a eu des progrÃ¨s niveau accueil de la clientÃ¨le.
Je suis navrÃ©e de voir que les avis sont mitigÃ©s. Car cette boulangerie mÃ©rite bien plus que la note de 3,5.
Je suis testeuse de plusieurs boulangeries, notamment parisiennes en gÃ©nÃ©ral, et celle ci est excellente. La baguette est croustillante Ã  l extÃ©rieur et aÃ©rÃ© Ã  l intÃ©rieur.
Les viennoiseries sont de trÃ¨s bonnes qualitÃ©s. Le feuilletage du croissant est travaillÃ©, et lâ€™Ã©paisseur Ã©galement. Pour moi, câ€™est la meilleure du quartier. (Et pourtant jâ€™en ai une autre juste dans ma rue vers Villejuif). Je suis plus que satisfaite, allez y les yeux fermÃ©s. ğŸ¤¤ğŸ‘Œ"
Issa DoucourÃ©,1 star,a year ago,"SincÃ¨rement , boulangerie Ã  Ã©viter , Serveuse dÃ©sagrÃ©able , Hautaine et ne respecte personne , jâ€™ai mÃªme plus envie dâ€™y retourner malgrÃ© que cela soit trÃ¨s bon ,

A Ã©viter ne vous faites pas avoir !"
Gillan Saleh,5 stars,2 months ago,"TrÃ¨s bon pain, dÃ©licieuses pÃ¢tisseries"
Barbe Amaury,1 star,a year ago,"Je me demandais si j'Ã©tais le seul Ã  reprocher la qualitÃ© du service (EmployÃ©s que tu as l'impression de dÃ©ranger). Apparemment un gros effort Ã  faire la dessus. PremiÃ¨re foi que je rentrais, je ne reviendrais plus sauf peut Ãªtre si rien d'autre n'est ouvert."
Djamel Benyounes,1 star,a year ago,"Je suis passer Ã  6h du matin le 5 mars franchement jâ€™etait un trÃ¨s bon client chez vous ,,je suis dÃ©soler de parler comme ca , la  personne personne a la caisse vraiment non respectueuse pas de bonjour rien du tout apprendre Ã   respecte les clients merciii je reviendrait plus chez vouuuuuss  et en plus de Ã§a elle parle super mal ğŸ˜£ pour rien"
Raphael Laphe,1 star,5 months ago,"Accueil dÃ©sagrÃ©able, je me sens quâ€™on va me hurler la dessus. Je nâ€™irai plus jamais."
Kevin Chau,3 stars,2 years ago,"Une vraie boulangerie dans le quartier c'est agrÃ©able ! Pouvoir manger une vraie baguette prÃ¨s de chez soit c'est top .
DÃ©co soigner . NÃ©anmoins l'accueil c'est dÃ©tÃ©riorÃ© . Nous avons l'impression de dÃ©ranger plus qu'autre chose c'est dommage ."
mariella thezenas,1 star,3 months ago,franchement les produits sont de qualitÃ©s mais revoyez vos vendeuses!!
anne panajatopoulos,1 star,a year ago,"Brioche toute dure sans aucun goÃ»t et mille feuille sans craquant.Aucun goÃ»t.
15 minutes pour servir 3 clients . Cela fait 3 fois et pas sympathique.   Je ne retournerai pas"
Katia All,1 star,9 months ago,"Pas du tout agrÃ©able il faut repÃ©rÃ©ter plusieurs fois.
Ni merci ni aurevoir ni aucun sourire
MalgrÃ©  que j'ai  dit aurevoir Ã  la dame..."
MarlÃ¨ne Mar,5 stars,2 years ago,"Rien a dire je vais souvent lÃ  bas l'accueil est formidable bonjour le sourire le merci ....
Je ne comprends pas vous attendez quoi de plus
Et ben moi j'ai remarquÃ© il y a beaucoup de clients qui ne respecte pas quand et rentre qui ne disent mÃªme pas bonjour
En tout cas rien Ã  dire sur la boulangerie que Ã§a soit le personnel ou les produits
C'est la meilleure du quartie
Je conseille fortement"
Thydaphen Khelen,2 stars,2 years ago,"Bonjour,
Je pense qu'il faut mieux que vous disiez aux deux vendeuse qui travaille le matin de savoir parler correctement et respectÃ© les clients. HonnÃªtement elles sont horribles. La faÃ§on de parler de services etc. Je ne vais plus jamais lÃ  bas. C'est la 3eme fois que je rentre et maintenant c'est fini."
Sarra Djedidi,5 stars,3 years ago,"Boulangerie moderne, spacieuse, lumineuse... Les sandwichs sont dÃ©licieux et gÃ©nÃ©reux ainsi que les viennoiseries, les brownies sont trÃ¨s gourmands.
J'ai Ã©tÃ© accueillie chaleureusement ! Je ne manquerai pas d'y retourner quand je serai Ã  nouveau dans le quartier.... Bravo Ã  toute l'Ã©quipe !!!! Bonne dÃ©couverte ğŸ˜ğŸ¤“ â€¦"
Juliana QUARESMA B,1 star,a year ago,"Dans les premiÃ¨res annÃ©es câ€™Ã©tait un bon endroit Ã  prendre son petit dÃ©jeuner, chaleureux et accueillantâ€¦ depuis ils ont mis deux carcasses qui ne savent pas accueillir les clients."
AlphaV,2 stars,2 years ago,"La viennoiserie est bonne,dommage elle est gÃ¢chÃ©e par l'aimabilitÃ© de la vendeuse en caisse, ne porte pas de gants qui a touchÃ© les billets, se trompe tout le temps. Vous faites une rÃ©clamation, elle vous agresse presque... Depuis  le dÃ©confinement je n'y vais plus. Dommage pour le patron..."
Rachel CHEA,1 star,2 years ago,"Les vendeuses sont peu professionnelles, de plus je demande une tradition pas trop cuite, la vendeuse me donne la plus cuite du lot car je lui ai dit Â« bonsoir Â» un peu en dÃ©calÃ© nâ€™ayant pas entendu son premier Â« bonsoir Â», la vendeuse a retournÃ© la tradition pour pas que je vois la tradition quâ€™elle avait choisi.. câ€™est aberrant la maturitÃ© de cette jeune vendeuse."
angelique handzisch,1 star,2 years ago,"Magnifique boulangerie ,super produits qualitÃ©s et choix sont au rendez vous malheureusement le tous est complÃ¨tement gÃ¢cher par les vendeuses mÃªme pas les bases de la politesse alors ne parlons pas du sourire je ne reviendrai malheureusement pas je ne suis pas un chien"
Hajira B.,5 stars,a year ago,"Superbe bonne boulangerie, un vrai coup de coeurğŸ˜, les pÃ¢tisseries et viennoiseries sont trÃ¨s originales et un vrai rÃ©gal ğŸ˜‹
Croissant framboise est seculent, et pain au chocolat Nutella  / chocolatine est dÃ©licieux...Je recommande Ã  200% â€¦"
flo87,1 star,3 years ago,"Boulangerie qui vient d'ouvrir, donc la dÃ©co est soignÃ© et les vitrines sont jolies, surtout le coin pÃ¢tisserie. Le personnel est aimable. Par contre niveau viennoiserie et pain, la qualitÃ© est dÃ©cevante. 2â‚¬ pour 8 chouquettes minuscule. Une viennoise au chocolat avec 15 pepites qui se battent en duel. Les pains au chocolat ont l'air industriel (sauf le prix) et la tradition est correct sans plus, la mie est jaunÃ¢tre et sÃ¨che. J'y suis allÃ©e 3 fois pour tester un peu de tout mais personnellement je n'y retournerai plus."
FNC,1 star,2 years ago,"Des vendeuses peu professionnelles, accueil trÃ¨s dÃ©sagrÃ©able. Souvent le pain semble datÃ© dâ€™hier.
Je ne vous conseille pas du tout cette boulangerie."
Wass Fut,5 stars,2 years ago,Quel Patisserie ! GÃ¢teau Ã  tombÃ© par terre! Lâ€™apprentie pÃ¢tissier est trÃ¨s agrÃ©able. Lâ€™endroit est super bien situÃ© et elle est ma patisserie prÃ©fÃ¨re du coin ! Je recommande fortement dâ€™y aller .
taytay,1 star,3 years ago,Je suis franchement tres deÃ§u !!!  Lorque une boulangerie n'est meme pas capable de faire ses propre patisseries !!! et se dit artisan boulanger !!! Je mets une etoile juste pour le cafÃ© et le jus d'orange et je ne pale meme pas des sandwiches (saucisson sec avec tranche de tomate du jamais vuğŸ˜±ğŸ˜± ou encore un croque monsieur avec un oeuf au plat par-dessus ğŸ˜±ğŸ˜±ğŸ˜°ğŸ˜°ğŸ˜°ğŸ¥µğŸ¥µğŸ¤®ğŸ¤®ğŸ¤®ğŸ¤®ğŸ¤®ğŸ¤®ğŸ¤®ğŸ¤®ğŸ¤®
anis lhb,1 star,a year ago,J ai acheter un panini saumons avec un pain qui est mÃªme pas appropriÃ© avec le panini c Ã©tait une baguette voir mÃªme un pain niveau garniture c Ã©tait bof aucun goÃ»t
Anais Michel,1 star,a year ago,"EntiÃ¨rement dâ€™accord avec beaucoup;
Le pain et les viennoiseries  sont bonnes mais lâ€™Ã©quipe est insupportable ğŸ˜£
Manque de respect total aux clients. â€¦"
kaci's kaci's,1 star,a year ago,"Une vendeuse un peu Ã¢gÃ©e ( 40 an ) , apparemment tunisienne non respectueuses qui parle mal Ã  tous le monde , ( le 26 mai matin ), le patron il faut faire qlq chose , apparemment y a pas que moi !!!!???"
Mohaj Moh,1 star,2 years ago,"Client rÃ©gulier, toujours des trÃ¨s bon produit autant pour la pÃ¢tisserie que pour la viennoiserie, mÃªme si les pÃ¢tisseries sont assez chÃ¨res en raison de la qualitÃ©...  concernant les  vendeuses elles sont irrespectueuses, aucun effort, pas du tout commerÃ§ante et je suis pas le seul Ã  le dire regarder les autre commentaires mÃªme pour les clients rÃ©guliers il n y a pas d'effort... Faudrait revoir le cela car le jour oÃ¹ un conccurent viendra avec des meilleurs produits et meilleurs vendeuses... Ã‡a sera plus la mÃªme chose !"
Fabio Barbosa da Silva,5 stars,5 months ago,"Top! C'est bien fait, joli et goÃ»teux"
LoxaÃ¯ Officiel,5 stars,a year ago,Je recommande fortement produit de qualitÃ© et depuis le recrutement de nouvelle vendeuse trÃ¨s professionnelle et souriante contrairement Ã  d'autre...c'est le top merci Ã  amira  ( si je me trompe pas de prÃ©nom)pour son professionnalisme qui change tout
Stef,1 star,a year ago,"Sandwich blindÃ© de mie avec peu de garnitures et sans goÃ»t. DÃ©Ã§ue Ã  chaque fois.
Je n'irais plus."
Eva Marra,5 stars,2 years ago,"Accueil trÃ¨s chaleureux !  Pain chaud Ã  tout heures, pain au chocolat autrement appeler le tigrÃ© au Nutella est succulent. Merci le cap !"
Sylvie Volpi,5 stars,8 months ago,Excellent accueil ğŸ‘les deux petites jeunes sont adorables et en plus la croissanterie est  excellenteğŸ¤—
Kerem Ã–zdemir,3 stars,10 months ago,"TrÃ¨s belles boulangeries, la qualitÃ© gustative et la file dâ€™attente sont toujours alÃ©atoires"
Safa Dalaous,5 stars,2 years ago,Vraiment c'est la meilleur boulangerie dans le 94 hygiÃ¨ne les employÃ©s respectifs les produits fait maison n'importe quel heure quand je passe je trouve les baguettes chaudes ils font des offres pour les baguettes et les traditions 3 achetÃ© 4 eme offerte pareil pour les viennoiseries et les sandwichs trop bons et gÃ©nÃ©reux mÃªme un peu loin de chez moi et ya 2 boulangeries Ã  cÃ´tÃ© mais tjrs je  trouve mon bonnheur chez le cap je vous recommande  en n plus des vendeuses aimable et gentilles
A-T_R,1 star,2 years ago,"Vendeuses peu aimables, Je ne comprends pas en voyant tous ces avis nÃ©gatifs comment le gÃ©rant laisse autant d Ã©lectrons nÃ©gatifs reprÃ©senter sa boulangerie...Ã€ fuir Ã§a ne donne plus envie chez eux"
Prana Khamph (Prana),1 star,a year ago,Une employÃ©e a Ã©tÃ© super dÃ©sagrÃ©able avec nous en disant precisement Ã  sa collegue : Â« les clients commencent a me saouler Â».
Ã‰lise Steff,5 stars,4 months ago,Trop bon!
Taos Dxs,3 stars,9 months ago,Je dÃ©conseille pour les viennoiseries (beaucoup trop de beurre) mais les sandwichs sont trÃ¨s bons
ChlÃ©a,3 stars,8 months ago,"Bons produits mais le personnel est dÃ©sagrÃ©able et pas attentif, c'est plus que dommage."
Adama Camara,1 star,3 years ago,Les viennoiserie  son congeler se nest pas du fait maison   ainsi que les baguettes le jeunes a la caisse 2 de tention  trÃ¨s mou niveau hygiÃ¨ne sa a lair daller pour l'instant  .. ce nest pas un vrai artisant dommage  car le congeler se pas top top belle boutique accueil chaleureux
Nina,5 stars,3 years ago,"Moi je trouve que les vendeuses sont trÃ¨s aimable souriante rapide
au contraire je vois quand je vais lÃ  bas ya des clients qui ne respecte pas la fille d'attente qui ne disent mÃªme bonjour ils passent devant tout le monde"
Eric HonorÃ© Labat,1 star,a year ago,"La boulangerie censÃ©e Ãªtre ouverte Ã  6h, arrivÃ© lÃ -bas on me dit qu'il n'ouvre qu'Ã  6h30"
N Ben,1 star,2 years ago,"Les vendeuses ne sont pas trÃ¨s aimables et ont l'air trÃ¨s fatiguÃ©es...il y a un vrai manque de soin par rapport au commande des clients( des boÃ®tes de pÃ¢tisseries scotchÃ©e, des traces de doigts..)"
Farid Befunk,2 stars,2 years ago,"Les choix des produits sont intÃ©ressants, le cadre sympathique,  hÃ©las l'accueil est trÃ¨s, trÃ¨s en dessous de la moyenne; en gros on a l'impression de dÃ©ranger. Ã‰trange pour un commerce."
CÃ©lia Ed-Douiya,1 star,11 months ago,Vendeuse dÃ©sagrÃ©able rÃ©serve le pain Ã  leurs amies ou Ã  la tÃªte du client quand bien mÃªme une longue queue est prÃ©sente
Melodie Truca,1 star,3 years ago,Jâ€™ai manger dans cette boulangerie beaucoup de chauses dÃ©cevantes mais mangeables en revanche la je suis vraiment Ã©cÅ“urÃ©e câ€™est la pire salade que jâ€™ai manger de ma vie un goÃ»t immonde que je nâ€™arrive pas Ã  dÃ©finir sans parler dÃ©s boulangÃ¨re pas tellement Ã©mables  domage câ€™est Ã  deux pas de chez moi
NoÃ«mi MATWIES,1 star,9 months ago,Ã‡a fait 1 an que jâ€™ai arrÃªter dâ€™y aller depuis que je me suis fait agressÃ©e par une vendeuse . Apriori aucune amÃ©lioration. Endroit Ã  Ã©viter
Lina,1 star,3 years ago,"Infect ! 3â‚¬40 une tartelette dur comme de la pierre un chocolat amer au possible, de lâ€™extÃ©rieur on sâ€™attend a largement mieux, tout es surgelÃ©s passer votre chemin"
Khadidja didi Laifaoui,5 stars,a year ago,"Une vrai boulangerie,avec terrasse pÃ¢tisserie viennoiserie pain tous et excellent,surtout les macaron."
EYA YASMINE SAADALLAH,5 stars,3 years ago,I tried this bakery during my visit to Paris. The cakes are succulent. I recommend it â˜º I will come again. Thank you very much.
nathalie S,5 stars,2 years ago,"boulangerie au top rien a dire
surtout pour les panier anti gaspi
je ne comprend pas les commentaires negatif"
Sybil cesoironvasemarrer â€œcesoironvasemarrerâ€,1 star,3 years ago,PremiÃ¨re expÃ©rience nÃ©gative dÃ©solÃ© j ai pris u.n Croque mr avec Å“uf un pain chocolat et un chausson aux pommes maison selon leur dire je ne le digÃ¨re pas du tout et n ai rien mangÃ© d autres pour moi trÃ¨s mauvaise ecperience
Instru Rap fr,5 stars,2 years ago,"TrÃ¨s belle dÃ©couverte ! Adorant la pistache, jâ€™ai adorÃ© leurs croissants Ã  la pistache qui est juste WoW !"
Yahiaoui Anissa,1 star,2 years ago,"TrÃ¨s bons produits et belle boulangerie, mais les deux vendeuses sont trÃ¨s trÃ¨s dÃ©sagrÃ©able, dommage."
Patricia CAYREL,5 stars,a year ago,"Boulangerie Ã  proximitÃ© de mon lieu de travail.... Large choix en patisseries, sandwichs, viennoiseries.... Tout est trÃ¨s bon.... Je recommande cet endroit"
kazo chill,1 star,a year ago,les vendeuses ils sont pas respect les gens avec leur grimace et impolie . ğŸ¤®ğŸ¤®ğŸ¤®ğŸ¤®
Fanta sacko,1 star,2 years ago,Vendeuse trÃ¨s dÃ©sagrÃ©able  trÃ¨s mal polie aucun respect  pour la clientÃ¨le  sans oublier  sans nous les clients pas de salaire  donc respectÃ©  nous au minimum
Jedi Lord,5 stars,2 years ago,Bonne boulangerie de quartier. Bien situe et tres bonne baguette.  Il font de bon ey beau gateau.
MAGIC MATOS,5 stars,3 years ago,"Une trÃ¨s belle boulangerie, merci pour les vendeuses pour lâ€™accueil une trÃ¨s belle gamme en pÃ¢tisserie et un large choix de snackÃ®ng"
EzerArthiom,5 stars,a year ago,Endroit trÃ¨s sympathique avec un large choix. Le goÃ»t est Ã  la hauteur
Saida Djedidi,5 stars,3 years ago,"TrÃ¨s bon sandwich et  la tarte citron est succulente , accueil sympa, je reviendrai.â˜ºï¸ Je recommande."
Cassandra Dlp,5 stars,a year ago,"TrÃ¨s bonne pÃ¢tisseries, belle prÃ©sentation.
Lâ€™Ã©clair Ã  la pistache vos le dÃ©tour!!"
Giga Brigitte,4 stars,3 years ago,TrÃ¨s bonne viennoiserie et succulent gÃ¢teaux quant aux baguettes faites maison de trÃ¨s bonne qualitÃ© Ã  ne pas rater â˜º
Bryan T.,5 stars,3 years ago,"J'y ai Ã©tÃ© trÃ¨s bien reÃ§u, leurs croissant sont bon."
Chantal Minssart,3 stars,a year ago,"Convivial dans l accueil,gÃ©nÃ©reux dans le partage et de bonne qualitÃ©.Il est facile d y retouner"
Beerus Wiscat,1 star,a year ago,"Les vendeuses sont vraiment pas aimable et pas pro, et on voit que Ã§a change pas"
Manpreet Singh,5 stars,a year ago,Tres bon service avec lea vendeuses du matin. Toujours souriantes
Pauline Vetroff,1 star,a year ago,"Vendeuses dÃ©sagrÃ©ables et impolies. MatÃ©riel dÃ©gradÃ©, Ã  fuir!"
SALOME COHEN,5 stars,a month ago,Jâ€™adore !!
Orchide,5 stars,2 years ago,TrÃ¨s bon accueil personnel toujours souriant bonnes viennoiseries
Lâ€™ artiste,1 star,3 years ago,Ne porte ni masque ni gants et touche le pain avec les mains qui ont touchÃ©es les billets. Sale.
Thanh-Hien Phan,1 star,2 years ago,Baguette passable et service mÃ©diocre. PremiÃ¨re et derniÃ¨re visite.
Djamila Malki,5 stars,a year ago,Accueil sympathique et produits de trÃ¨s bonne qualitÃ© !
Elise Kiki,1 star,a year ago,"Accueil ğŸ‘ğŸ¼, pÃ¢tisserie excessivement chÃ¨res, dommage. â€¦"
Colin,5 stars,2 years ago,"accueil chaleureux et de bonnes pÃ¢tisserie, je conseil vivement"
MED CHEDLY Belkhouja,5 stars,a year ago,Pain de qualitÃ© et accueil chaleureux
Siham. Phy,1 star,3 years ago,"TrÃ¨s mauvais accueil vraiment, je pense que les commentaires positifs viennent du propriÃ©taire."
JÃ©rÃ©my Quesnel,1 star,2 years ago,Serveuses non aimables et parle mal aux clients. A fuir.
Jean-HervÃ© Moysan,5 stars,a year ago,Excellent service. Accueil chaleureux. Merci Ã  vous
Tristan Leandre,5 stars,3 years ago,Tout est succulent ! Enfin une vraie boulangerie
Gokhan Gulmez,1 star,a year ago,Les employÃ©s sont trÃ¨s dÃ©sagrÃ©ables
Yves Mukendi,4 stars,3 years ago,Bonne boulangerie certainement la meilleure du quartier
Elodie Pan,2 stars,a year ago,Service trÃ¨s dÃ©sagrÃ©able
H R (Icarus),4 stars,a year ago,quality is still ok
Alexis Bonneaud,1 star,a year ago,Les avis ici ğŸ‘‡ ta peur ğŸ˜­
Hugo Dlt,5 stars,2 years ago,Moha c'est un bon
Hugo Gorintin,5 stars,3 years ago,Excellente boulangerie !
RF 94 (RF94),5 stars,2 years ago,Vraiment heja le top
StÃ©phane Bouland,2 stars,10 months ago,EmployÃ©es froides
KANDE TOUNKARA,5 stars,9 months ago,Lieux au top
Choopa AB,5 stars,2 years ago,Le pain dÃ©licieux ğŸ˜‹ â€¦
Nassim Bourguiba,5 stars,a year ago,Boulangerie au top
Ouni Aymen,5 stars,a month ago,
Ouiza HAMIDI,5 stars,a month ago,
Sonia Aaa,3 stars,a month ago,
joel coutenceau,1 star,2 months ago,
hohoho,4 stars,a year ago,
Sach'ka Tally,5 stars,2 months ago,
Arou Arou,5 stars,a month ago,
stecap france,5 stars,a month ago,
Benallam Samira,4 stars,a year ago,
Maria-lina NAFAA,5 stars,a month ago,
Philippe Allaert,5 stars,a year ago,
jeremy dague,5 stars,3 weeks ago,
Michel Ayache,5 stars,a month ago,
Rahman Mohammadpour,1 star,2 years ago,
Djedidi Sabrine,5 stars,3 years ago,
Michel ayache,5 stars,a month ago,
Milouda Chamsi,5 stars,3 years ago,
Sonia GK,3 stars,2 years ago,
Khalil Saadallah,5 stars,a month ago,
FANGZHOU LYU,5 stars,2 years ago,
Reda Aarab,1 star,3 years ago,
Muriel Poinga,5 stars,a year ago,
Loueloue Lrs,5 stars,2 years ago,
Claire Ad,4 stars,3 years ago,
Kampfighter,5 stars,3 years ago,
I LG,1 star,7 months ago,
takaiyoullah Ragubi,5 stars,4 months ago,
Michela Revoltella,2 stars,a year ago,
Katia Zoubiri,5 stars,2 years ago,
Didier Garnier,5 stars,4 months ago,
Joffrey Mazier,5 stars,3 years ago,
Price D,4 stars,3 years ago,
amer Kimou,5 stars,2 years ago,
photo concept,5 stars,2 years ago,
Lucie,1 star,3 years ago,
Bilel Chouli,5 stars,2 years ago,
Marie-jeanne Brulu,5 stars,a year ago,
Mohamed Yassine Guembri,5 stars,3 years ago,
Stefano Cavaciuti,4 stars,a week ago,
Salaheddine Dr,1 star,7 months ago,
Four Mat,5 stars,2 years ago,
Ahmed Gaaloul,5 stars,3 weeks ago,
Dikra Razane,5 stars,2 years ago,
Audrey E,1 star,a year ago,
S35 Sky,5 stars,3 years ago,
Kazdaghli Hamza,5 stars,a month ago,
Warda Achk,5 stars,a year ago,
sophie kim,5 stars,8 months ago,
Karine Van Zejtveld,5 stars,3 years ago,
